{
	"pattrstorage" : 	{
		"name" : "matrixoscl",
		"slots" : 		{
			"1" : 			{
				"id" : 1,
				"data" : 				{
					"cyscNO" : [ 903 ],
					"live.dial" : [ 14.370079 ],
					"live.dial[1]" : [ 8.535432999999999 ],
					"randNO" : [ 1889.763793999999962 ],
					"sawNO" : [ 220.472442999999998 ],
					"triNO" : [ 2425.196777000000111 ],
					"vsrandNO" : [ 84.0 ],
					"vssqNO" : [ 62.992125999999999 ]
				}

			}

		}

	}

}
